iso_code;continent;location;date;total_cases;new_cases;total_deaths;new_deaths;reproduction_rate
COL;South America;Colombia;6/03/2020;1.0;1.0;;;
COL;South America;Colombia;7/03/2020;1.0;0.0;;;
COL;South America;Colombia;8/03/2020;1.0;0.0;;;
COL;South America;Colombia;9/03/2020;1.0;0.0;;;
COL;South America;Colombia;10/03/2020;3.0;2.0;;;
COL;South America;Colombia;11/03/2020;9.0;6.0;;;
COL;South America;Colombia;12/03/2020;9.0;0.0;;;
COL;South America;Colombia;13/03/2020;13.0;4.0;;;
COL;South America;Colombia;14/03/2020;22.0;9.0;;;
COL;South America;Colombia;15/03/2020;34.0;12.0;;;
COL;South America;Colombia;16/03/2020;57.0;23.0;;;
COL;South America;Colombia;17/03/2020;75.0;18.0;;;
COL;South America;Colombia;18/03/2020;102.0;27.0;;;
COL;South America;Colombia;19/03/2020;108.0;6.0;;;2.18
COL;South America;Colombia;20/03/2020;158.0;50.0;;;2.31
COL;South America;Colombia;21/03/2020;196.0;38.0;;;2.24
COL;South America;Colombia;22/03/2020;231.0;35.0;2.0;2.0;2.2
COL;South America;Colombia;23/03/2020;277.0;46.0;3.0;1.0;2.22
COL;South America;Colombia;24/03/2020;378.0;101.0;3.0;0.0;2.21
COL;South America;Colombia;25/03/2020;470.0;92.0;4.0;1.0;1.98
COL;South America;Colombia;26/03/2020;491.0;21.0;6.0;2.0;1.76
COL;South America;Colombia;27/03/2020;539.0;48.0;6.0;0.0;1.63
COL;South America;Colombia;28/03/2020;608.0;69.0;6.0;0.0;1.71
COL;South America;Colombia;29/03/2020;702.0;94.0;10.0;4.0;1.81
COL;South America;Colombia;30/03/2020;798.0;96.0;12.0;2.0;1.79
COL;South America;Colombia;31/03/2020;906.0;108.0;16.0;4.0;1.69
COL;South America;Colombia;1/04/2020;1065.0;159.0;17.0;1.0;1.69
COL;South America;Colombia;2/04/2020;1161.0;96.0;19.0;2.0;1.63
COL;South America;Colombia;3/04/2020;1267.0;106.0;25.0;6.0;1.51
COL;South America;Colombia;4/04/2020;1406.0;139.0;32.0;7.0;1.49
COL;South America;Colombia;5/04/2020;1485.0;79.0;35.0;3.0;1.46
COL;South America;Colombia;6/04/2020;1579.0;94.0;46.0;11.0;1.51
COL;South America;Colombia;7/04/2020;1780.0;201.0;50.0;4.0;1.61
COL;South America;Colombia;8/04/2020;2054.0;274.0;54.0;4.0;1.66
COL;South America;Colombia;9/04/2020;2223.0;169.0;69.0;15.0;1.59
COL;South America;Colombia;10/04/2020;2473.0;250.0;80.0;11.0;1.46
COL;South America;Colombia;11/04/2020;2709.0;236.0;100.0;20.0;1.3
COL;South America;Colombia;12/04/2020;2776.0;67.0;109.0;9.0;1.09
COL;South America;Colombia;13/04/2020;2852.0;76.0;112.0;3.0;0.98
COL;South America;Colombia;14/04/2020;2979.0;127.0;127.0;15.0;0.93
COL;South America;Colombia;15/04/2020;3105.0;126.0;131.0;4.0;0.97
COL;South America;Colombia;16/04/2020;3233.0;128.0;144.0;13.0;1.08
COL;South America;Colombia;17/04/2020;3439.0;206.0;153.0;9.0;1.16
COL;South America;Colombia;18/04/2020;3621.0;182.0;166.0;13.0;1.21
COL;South America;Colombia;19/04/2020;3792.0;171.0;179.0;13.0;1.24
COL;South America;Colombia;20/04/2020;3977.0;185.0;189.0;10.0;1.24
COL;South America;Colombia;21/04/2020;4149.0;172.0;196.0;7.0;1.2
COL;South America;Colombia;22/04/2020;4356.0;207.0;206.0;10.0;1.25
COL;South America;Colombia;23/04/2020;4561.0;205.0;215.0;9.0;1.32
COL;South America;Colombia;24/04/2020;4881.0;320.0;225.0;10.0;1.37
COL;South America;Colombia;25/04/2020;5142.0;261.0;233.0;8.0;1.37
COL;South America;Colombia;26/04/2020;5379.0;237.0;244.0;11.0;1.35
COL;South America;Colombia;27/04/2020;5597.0;218.0;253.0;9.0;1.34
COL;South America;Colombia;28/04/2020;5949.0;352.0;269.0;16.0;1.34
COL;South America;Colombia;29/04/2020;6207.0;258.0;278.0;9.0;1.34
COL;South America;Colombia;30/04/2020;6507.0;300.0;293.0;15.0;1.38
COL;South America;Colombia;1/05/2020;7006.0;499.0;314.0;21.0;1.42
COL;South America;Colombia;2/05/2020;7285.0;279.0;324.0;10.0;1.38
COL;South America;Colombia;3/05/2020;7668.0;383.0;340.0;16.0;1.4
COL;South America;Colombia;4/05/2020;7973.0;305.0;358.0;18.0;1.41
COL;South America;Colombia;5/05/2020;8613.0;640.0;378.0;20.0;1.44
COL;South America;Colombia;6/05/2020;8959.0;346.0;397.0;19.0;1.38
COL;South America;Colombia;7/05/2020;9456.0;497.0;407.0;10.0;1.38
COL;South America;Colombia;8/05/2020;10051.0;595.0;428.0;21.0;1.37
COL;South America;Colombia;9/05/2020;10495.0;444.0;445.0;17.0;1.36
COL;South America;Colombia;10/05/2020;11063.0;568.0;463.0;18.0;1.38
COL;South America;Colombia;11/05/2020;11613.0;550.0;479.0;16.0;1.38
COL;South America;Colombia;12/05/2020;12272.0;659.0;493.0;14.0;1.35
COL;South America;Colombia;13/05/2020;12930.0;658.0;509.0;16.0;1.33
COL;South America;Colombia;14/05/2020;13610.0;680.0;525.0;16.0;1.29
COL;South America;Colombia;15/05/2020;14216.0;606.0;546.0;21.0;1.25
COL;South America;Colombia;16/05/2020;14939.0;723.0;562.0;16.0;1.26
COL;South America;Colombia;17/05/2020;15574.0;635.0;574.0;12.0;1.25
COL;South America;Colombia;18/05/2020;16295.0;721.0;592.0;18.0;1.24
COL;South America;Colombia;19/05/2020;16935.0;640.0;613.0;21.0;1.2
COL;South America;Colombia;20/05/2020;17687.0;752.0;630.0;17.0;1.21
COL;South America;Colombia;21/05/2020;18330.0;643.0;652.0;22.0;1.21
COL;South America;Colombia;22/05/2020;19131.0;801.0;682.0;30.0;1.26
COL;South America;Colombia;23/05/2020;20177.0;1046.0;705.0;23.0;1.33
COL;South America;Colombia;24/05/2020;21175.0;998.0;727.0;22.0;1.36
COL;South America;Colombia;25/05/2020;21981.0;806.0;750.0;23.0;1.34
COL;South America;Colombia;26/05/2020;23003.0;1022.0;776.0;26.0;1.35
COL;South America;Colombia;27/05/2020;24104.0;1101.0;803.0;27.0;1.36
COL;South America;Colombia;28/05/2020;25366.0;1262.0;822.0;19.0;1.37
COL;South America;Colombia;29/05/2020;26688.0;1322.0;853.0;31.0;1.37
COL;South America;Colombia;30/05/2020;28236.0;1548.0;890.0;37.0;1.36
COL;South America;Colombia;31/05/2020;29383.0;1147.0;939.0;49.0;1.31
COL;South America;Colombia;1/06/2020;30493.0;1110.0;969.0;30.0;1.28
COL;South America;Colombia;2/06/2020;31833.0;1340.0;1009.0;40.0;1.28
COL;South America;Colombia;3/06/2020;33354.0;1521.0;1045.0;36.0;1.28
COL;South America;Colombia;4/06/2020;35120.0;1766.0;1087.0;42.0;1.26
COL;South America;Colombia;5/06/2020;36635.0;1515.0;1145.0;58.0;1.2
COL;South America;Colombia;6/06/2020;38027.0;1392.0;1205.0;60.0;1.16
COL;South America;Colombia;7/06/2020;39236.0;1209.0;1259.0;54.0;1.14
COL;South America;Colombia;8/06/2020;40719.0;1483.0;1308.0;49.0;1.16
COL;South America;Colombia;9/06/2020;42078.0;1359.0;1372.0;64.0;1.16
COL;South America;Colombia;10/06/2020;43682.0;1604.0;1433.0;61.0;1.16
COL;South America;Colombia;11/06/2020;45212.0;1530.0;1488.0;55.0;1.16
COL;South America;Colombia;12/06/2020;46858.0;1646.0;1545.0;57.0;1.2
COL;South America;Colombia;13/06/2020;48746.0;1888.0;1592.0;47.0;1.28
COL;South America;Colombia;14/06/2020;50939.0;2193.0;1667.0;75.0;1.34
COL;South America;Colombia;15/06/2020;53063.0;2124.0;1726.0;59.0;1.35
COL;South America;Colombia;16/06/2020;54931.0;1868.0;1801.0;75.0;1.34
COL;South America;Colombia;17/06/2020;57046.0;2115.0;1864.0;63.0;1.34
COL;South America;Colombia;18/06/2020;60217.0;3171.0;1950.0;86.0;1.39
COL;South America;Colombia;19/06/2020;63276.0;3059.0;2045.0;95.0;1.37
COL;South America;Colombia;20/06/2020;65633.0;2357.0;2126.0;81.0;1.32
COL;South America;Colombia;21/06/2020;68652.0;3019.0;2237.0;111.0;1.33
COL;South America;Colombia;22/06/2020;71183.0;2531.0;2310.0;73.0;1.3
COL;South America;Colombia;23/06/2020;73572.0;2389.0;2404.0;94.0;1.3
COL;South America;Colombia;24/06/2020;77113.0;3541.0;2491.0;87.0;1.32
COL;South America;Colombia;25/06/2020;80599.0;3486.0;2654.0;163.0;1.3
COL;South America;Colombia;26/06/2020;84442.0;3843.0;2811.0;157.0;1.3
COL;South America;Colombia;27/06/2020;88591.0;4149.0;2939.0;128.0;1.29
COL;South America;Colombia;28/06/2020;91769.0;3178.0;3178.0;239.0;1.24
COL;South America;Colombia;29/06/2020;95043.0;3274.0;3274.0;96.0;1.21
COL;South America;Colombia;30/06/2020;97846.0;2803.0;3334.0;60.0;1.18
COL;South America;Colombia;1/07/2020;102009.0;4163.0;3470.0;136.0;1.18
COL;South America;Colombia;2/07/2020;106110.0;4101.0;3641.0;171.0;1.14
COL;South America;Colombia;3/07/2020;109505.0;3395.0;3777.0;136.0;1.12
COL;South America;Colombia;4/07/2020;113389.0;3884.0;3942.0;165.0;1.14
COL;South America;Colombia;5/07/2020;117110.0;3721.0;4064.0;122.0;1.16
COL;South America;Colombia;6/07/2020;120281.0;3171.0;4210.0;146.0;1.18
COL;South America;Colombia;7/07/2020;124494.0;4213.0;4359.0;149.0;1.22
COL;South America;Colombia;8/07/2020;128638.0;4144.0;4527.0;168.0;1.24
COL;South America;Colombia;9/07/2020;133973.0;5335.0;4714.0;187.0;1.28
COL;South America;Colombia;10/07/2020;140776.0;6803.0;4925.0;211.0;1.31
COL;South America;Colombia;11/07/2020;145632.0;4856.0;5119.0;194.0;1.26
COL;South America;Colombia;12/07/2020;150445.0;4813.0;5307.0;188.0;1.24
COL;South America;Colombia;13/07/2020;154277.0;3832.0;5455.0;148.0;1.23
COL;South America;Colombia;14/07/2020;159898.0;5621.0;5625.0;170.0;1.28
COL;South America;Colombia;15/07/2020;165169.0;5271.0;5814.0;189.0;1.32
COL;South America;Colombia;16/07/2020;173206.0;8037.0;6029.0;215.0;1.38
COL;South America;Colombia;17/07/2020;182140.0;8934.0;6288.0;259.0;1.4
COL;South America;Colombia;18/07/2020;190700.0;8560.0;6516.0;228.0;1.36
COL;South America;Colombia;19/07/2020;197278.0;6578.0;6736.0;220.0;1.29
COL;South America;Colombia;20/07/2020;204005.0;6727.0;6929.0;193.0;1.24
COL;South America;Colombia;21/07/2020;211038.0;7033.0;7166.0;237.0;1.2
COL;South America;Colombia;22/07/2020;218428.0;7390.0;7373.0;207.0;1.17
COL;South America;Colombia;23/07/2020;226373.0;7945.0;7688.0;315.0;1.14
COL;South America;Colombia;24/07/2020;233541.0;7168.0;7975.0;287.0;1.13
COL;South America;Colombia;25/07/2020;240795.0;7254.0;8269.0;294.0;1.15
COL;South America;Colombia;26/07/2020;248976.0;8181.0;8525.0;256.0;1.2
COL;South America;Colombia;27/07/2020;257101.0;8125.0;8777.0;252.0;1.23
COL;South America;Colombia;28/07/2020;267385.0;10284.0;9074.0;297.0;1.25
COL;South America;Colombia;29/07/2020;276055.0;8670.0;9454.0;380.0;1.21
COL;South America;Colombia;30/07/2020;286020.0;9965.0;9810.0;356.0;1.2
COL;South America;Colombia;31/07/2020;295508.0;9488.0;10105.0;295.0;1.2
COL;South America;Colombia;1/08/2020;306181.0;10673.0;10330.0;225.0;1.21
COL;South America;Colombia;2/08/2020;317651.0;11470.0;10650.0;320.0;1.21
COL;South America;Colombia;3/08/2020;327850.0;10199.0;11017.0;367.0;1.17
COL;South America;Colombia;4/08/2020;334979.0;7129.0;11315.0;298.0;1.1
COL;South America;Colombia;5/08/2020;345714.0;10735.0;11624.0;309.0;1.11
COL;South America;Colombia;6/08/2020;357710.0;11996.0;11939.0;315.0;1.11
COL;South America;Colombia;7/08/2020;367204.0;9494.0;12250.0;311.0;1.09
COL;South America;Colombia;8/08/2020;376870.0;9666.0;12540.0;290.0;1.09
COL;South America;Colombia;9/08/2020;387481.0;10611.0;12842.0;302.0;1.12
COL;South America;Colombia;10/08/2020;397623.0;10142.0;13154.0;312.0;1.14
COL;South America;Colombia;11/08/2020;410453.0;12830.0;13475.0;321.0;1.15
COL;South America;Colombia;12/08/2020;422519.0;12066.0;13837.0;362.0;1.12
COL;South America;Colombia;13/08/2020;433805.0;11286.0;14145.0;308.0;1.08
COL;South America;Colombia;14/08/2020;445111.0;11306.0;14492.0;347.0;1.08
COL;South America;Colombia;15/08/2020;456689.0;11578.0;14810.0;318.0;1.06
COL;South America;Colombia;16/08/2020;468332.0;11643.0;15097.0;287.0;1.05
COL;South America;Colombia;17/08/2020;476660.0;8328.0;15372.0;275.0;1.03
COL;South America;Colombia;18/08/2020;489122.0;12462.0;15619.0;247.0;1.04
COL;South America;Colombia;19/08/2020;502178.0;13056.0;15979.0;360.0;1.03
COL;South America;Colombia;20/08/2020;513719.0;11541.0;16183.0;204.0;0.98
COL;South America;Colombia;21/08/2020;522138.0;8419.0;16568.0;385.0;0.94
COL;South America;Colombia;22/08/2020;533103.0;10965.0;16968.0;400.0;0.94
COL;South America;Colombia;23/08/2020;541139.0;8036.0;17316.0;348.0;0.93
COL;South America;Colombia;24/08/2020;551688.0;10549.0;17612.0;296.0;0.96
COL;South America;Colombia;25/08/2020;562113.0;10425.0;17889.0;277.0;0.94
COL;South America;Colombia;26/08/2020;572243.0;10130.0;18184.0;295.0;0.92
COL;South America;Colombia;27/08/2020;581995.0;9752.0;18467.0;283.0;0.9
COL;South America;Colombia;28/08/2020;590492.0;8497.0;18766.0;299.0;0.89
COL;South America;Colombia;29/08/2020;599884.0;9392.0;19063.0;297.0;0.88
COL;South America;Colombia;30/08/2020;607904.0;8020.0;19363.0;300.0;0.88
COL;South America;Colombia;31/08/2020;615094.0;7190.0;19662.0;299.0;0.89
COL;South America;Colombia;1/09/2020;624026.0;8932.0;20050.0;388.0;0.9
COL;South America;Colombia;2/09/2020;633321.0;9295.0;20345.0;295.0;0.9
COL;South America;Colombia;3/09/2020;641574.0;8253.0;20618.0;273.0;0.89
COL;South America;Colombia;4/09/2020;650063.0;8489.0;20888.0;270.0;0.89
COL;South America;Colombia;5/09/2020;658456.0;8393.0;21156.0;268.0;0.88
COL;South America;Colombia;6/09/2020;666521.0;8065.0;21412.0;256.0;0.88
COL;South America;Colombia;7/09/2020;671848.0;5327.0;21615.0;203.0;0.87
COL;South America;Colombia;8/09/2020;679513.0;7665.0;21817.0;202.0;0.87
COL;South America;Colombia;9/09/2020;686851.0;7338.0;22053.0;236.0;0.88
COL;South America;Colombia;10/09/2020;694664.0;7813.0;22275.0;222.0;0.89
COL;South America;Colombia;11/09/2020;702088.0;7424.0;22518.0;243.0;0.89
COL;South America;Colombia;12/09/2020;708964.0;6876.0;22734.0;216.0;0.89
COL;South America;Colombia;13/09/2020;716319.0;7355.0;22924.0;190.0;0.9
COL;South America;Colombia;14/09/2020;721892.0;5573.0;23123.0;199.0;0.91
COL;South America;Colombia;15/09/2020;728590.0;6698.0;23288.0;165.0;0.92
COL;South America;Colombia;16/09/2020;736377.0;7787.0;23478.0;190.0;0.94
COL;South America;Colombia;17/09/2020;743945.0;7568.0;23665.0;187.0;0.95
COL;South America;Colombia;18/09/2020;750471.0;6526.0;23665.0;0.0;0.94
COL;South America;Colombia;19/09/2020;758398.0;7927.0;24039.0;374.0;0.95
COL;South America;Colombia;20/09/2020;765076.0;6678.0;24208.0;169.0;0.94
COL;South America;Colombia;21/09/2020;770435.0;5359.0;24397.0;189.0;0.94
COL;South America;Colombia;22/09/2020;777537.0;7102.0;24397.0;0.0;0.95
COL;South America;Colombia;23/09/2020;784268.0;6731.0;24746.0;349.0;0.95
COL;South America;Colombia;24/09/2020;790823.0;6555.0;24746.0;0.0;0.96
COL;South America;Colombia;25/09/2020;798317.0;7494.0;25103.0;357.0;0.97
COL;South America;Colombia;26/09/2020;806038.0;7721.0;25296.0;193.0;0.97
COL;South America;Colombia;27/09/2020;813056.0;7018.0;25488.0;192.0;0.95
COL;South America;Colombia;28/09/2020;818203.0;5147.0;25641.0;153.0;0.93
COL;South America;Colombia;29/09/2020;824042.0;5839.0;25828.0;187.0;0.91
COL;South America;Colombia;30/09/2020;829679.0;5637.0;25998.0;170.0;0.91
COL;South America;Colombia;1/10/2020;835339.0;5660.0;26196.0;198.0;0.92
COL;South America;Colombia;2/10/2020;841532.0;6193.0;26397.0;201.0;0.96
COL;South America;Colombia;3/10/2020;848147.0;6615.0;26556.0;159.0;1.01
COL;South America;Colombia;4/10/2020;855052.0;6905.0;26712.0;156.0;1.06
COL;South America;Colombia;5/10/2020;862158.0;7106.0;26844.0;132.0;1.11
COL;South America;Colombia;6/10/2020;869808.0;7650.0;27017.0;173.0;1.13
COL;South America;Colombia;7/10/2020;877684.0;7876.0;27180.0;163.0;1.13
COL;South America;Colombia;8/10/2020;886179.0;8495.0;27180.0;0.0;1.12
COL;South America;Colombia;9/10/2020;894300.0;8121.0;27495.0;315.0;1.1
COL;South America;Colombia;10/10/2020;902747.0;8447.0;27660.0;165.0;1.09
COL;South America;Colombia;11/10/2020;911316.0;8569.0;27834.0;174.0;1.07
COL;South America;Colombia;12/10/2020;919084.0;7768.0;27985.0;151.0;1.02
COL;South America;Colombia;13/10/2020;924098.0;5014.0;28141.0;156.0;0.96
COL;South America;Colombia;14/10/2020;930159.0;6061.0;28306.0;165.0;0.95
COL;South America;Colombia;15/10/2020;936982.0;6823.0;28457.0;151.0;0.96
COL;South America;Colombia;16/10/2020;945354.0;8372.0;28616.0;159.0;0.99
COL;South America;Colombia;17/10/2020;952371.0;7017.0;28803.0;187.0;1.0
COL;South America;Colombia;18/10/2020;959572.0;7201.0;28970.0;167.0;1.02
COL;South America;Colombia;19/10/2020;965883.0;6311.0;29102.0;132.0;1.04
COL;South America;Colombia;20/10/2020;974139.0;8256.0;29272.0;170.0;1.09
COL;South America;Colombia;21/10/2020;981700.0;7561.0;29464.0;192.0;1.08
COL;South America;Colombia;22/10/2020;990373.0;8673.0;29637.0;173.0;1.09
COL;South America;Colombia;23/10/2020;998942.0;8569.0;29802.0;165.0;1.09
COL;South America;Colombia;24/10/2020;1007711.0;8769.0;30000.0;198.0;1.11
COL;South America;Colombia;25/10/2020;1015885.0;8174.0;30154.0;154.0;1.12
COL;South America;Colombia;26/10/2020;1025052.0;9167.0;30348.0;194.0;1.14
COL;South America;Colombia;27/10/2020;1033218.0;8166.0;30565.0;217.0;1.14
COL;South America;Colombia;28/10/2020;1041935.0;8717.0;30753.0;188.0;1.13
COL;South America;Colombia;29/10/2020;1053122.0;11187.0;30926.0;173.0;1.14
COL;South America;Colombia;30/10/2020;1063151.0;10029.0;31135.0;209.0;1.12
COL;South America;Colombia;31/10/2020;1074184.0;11033.0;31314.0;179.0;1.11
COL;South America;Colombia;1/11/2020;1083321.0;9137.0;31515.0;201.0;1.08
COL;South America;Colombia;2/11/2020;1093256.0;9935.0;31653.0;138.0;1.05
COL;South America;Colombia;3/11/2020;1099392.0;6136.0;31847.0;194.0;0.99
COL;South America;Colombia;4/11/2020;1108086.0;8694.0;32013.0;166.0;0.98
COL;South America;Colombia;5/11/2020;1117977.0;9891.0;32209.0;196.0;0.97
COL;South America;Colombia;6/11/2020;1127733.0;9756.0;32405.0;196.0;0.96
COL;South America;Colombia;7/11/2020;1136447.0;8714.0;32595.0;190.0;0.93
COL;South America;Colombia;8/11/2020;1143887.0;7440.0;32791.0;196.0;0.91
COL;South America;Colombia;9/11/2020;1149064.0;5177.0;32974.0;183.0;0.9
COL;South America;Colombia;10/11/2020;1155356.0;6292.0;33128.0;154.0;0.93
COL;South America;Colombia;11/11/2020;1165326.0;9970.0;33312.0;184.0;0.97
COL;South America;Colombia;12/11/2020;1174012.0;8686.0;33491.0;179.0;0.96
COL;South America;Colombia;13/11/2020;1182697.0;8685.0;33669.0;178.0;0.96
COL;South America;Colombia;14/11/2020;1191634.0;8937.0;33829.0;160.0;0.95
COL;South America;Colombia;15/11/2020;1198746.0;7112.0;34031.0;202.0;0.93
COL;South America;Colombia;16/11/2020;1205217.0;6471.0;34223.0;192.0;0.92
COL;South America;Colombia;17/11/2020;1211128.0;5911.0;34381.0;158.0;0.9
COL;South America;Colombia;18/11/2020;1218003.0;6875.0;34563.0;182.0;0.9
COL;South America;Colombia;19/11/2020;1225490.0;7487.0;34761.0;198.0;0.92
COL;South America;Colombia;20/11/2020;1233444.0;7954.0;34929.0;168.0;0.94
COL;South America;Colombia;21/11/2020;1240493.0;7049.0;35104.0;175.0;0.97
COL;South America;Colombia;22/11/2020;1248417.0;7924.0;35287.0;183.0;1.01
COL;South America;Colombia;23/11/2020;1254979.0;6562.0;35479.0;192.0;1.04
COL;South America;Colombia;24/11/2020;1262494.0;7515.0;35677.0;198.0;1.06
COL;South America;Colombia;25/11/2020;1270991.0;8497.0;35860.0;183.0;1.08
COL;South America;Colombia;26/11/2020;1280487.0;9496.0;36019.0;159.0;1.1
COL;South America;Colombia;27/11/2020;1290510.0;10023.0;36214.0;195.0;1.11
COL;South America;Colombia;28/11/2020;1299613.0;9103.0;36401.0;187.0;1.1
COL;South America;Colombia;29/11/2020;1308376.0;8763.0;36584.0;183.0;1.1
COL;South America;Colombia;30/11/2020;1316806.0;8430.0;36766.0;182.0;1.09
COL;South America;Colombia;1/12/2020;1324792.0;7986.0;36934.0;168.0;1.06
COL;South America;Colombia;2/12/2020;1334089.0;9297.0;37117.0;183.0;1.04
COL;South America;Colombia;3/12/2020;1343322.0;9233.0;37305.0;188.0;1.03
COL;South America;Colombia;4/12/2020;1352607.0;9285.0;37467.0;162.0;1.02
COL;South America;Colombia;5/12/2020;1362249.0;9642.0;37633.0;166.0;1.02
COL;South America;Colombia;6/12/2020;1371103.0;8854.0;37808.0;175.0;1.0
COL;South America;Colombia;7/12/2020;1377100.0;5997.0;37995.0;187.0;0.96
COL;South America;Colombia;8/12/2020;1384610.0;7510.0;38158.0;163.0;0.95
COL;South America;Colombia;9/12/2020;1392133.0;7523.0;38308.0;150.0;0.94
COL;South America;Colombia;10/12/2020;1399911.0;7778.0;38484.0;176.0;0.96
COL;South America;Colombia;11/12/2020;1408909.0;8998.0;38669.0;185.0;1.0
COL;South America;Colombia;12/12/2020;1417072.0;8163.0;38866.0;197.0;1.05
COL;South America;Colombia;13/12/2020;1425774.0;8702.0;39053.0;187.0;1.11
COL;South America;Colombia;14/12/2020;1434516.0;8742.0;39195.0;142.0;1.16
COL;South America;Colombia;15/12/2020;1444646.0;10130.0;39356.0;161.0;1.2
COL;South America;Colombia;16/12/2020;1456599.0;11953.0;39560.0;204.0;1.23
COL;South America;Colombia;17/12/2020;1468795.0;12196.0;39787.0;227.0;1.24
COL;South America;Colombia;18/12/2020;1482072.0;13277.0;40019.0;232.0;1.25
COL;South America;Colombia;19/12/2020;1496062.0;13990.0;40268.0;249.0;1.25
COL;South America;Colombia;20/12/2020;1507222.0;11160.0;40475.0;207.0;1.22
COL;South America;Colombia;21/12/2020;1518067.0;10845.0;40680.0;205.0;1.2
COL;South America;Colombia;22/12/2020;1530593.0;12526.0;40931.0;251.0;1.18
COL;South America;Colombia;23/12/2020;1544826.0;14233.0;41174.0;243.0;1.16
COL;South America;Colombia;24/12/2020;1559766.0;14940.0;41454.0;280.0;1.12
COL;South America;Colombia;25/12/2020;1574707.0;14941.0;41690.0;236.0;1.08
COL;South America;Colombia;26/12/2020;1584903.0;10196.0;41943.0;253.0;1.02
COL;South America;Colombia;27/12/2020;1594497.0;9594.0;42171.0;228.0;1.0
COL;South America;Colombia;28/12/2020;1603807.0;9310.0;42374.0;203.0;1.0
COL;South America;Colombia;29/12/2020;1614822.0;11015.0;42620.0;246.0;1.0
COL;South America;Colombia;30/12/2020;1626461.0;11639.0;42909.0;289.0;1.02
COL;South America;Colombia;31/12/2020;1642775.0;16314.0;43213.0;304.0;1.06
COL;South America;Colombia;1/01/2021;1654880.0;12105.0;43495.0;282.0;1.03
COL;South America;Colombia;2/01/2021;1666408.0;11528.0;43765.0;270.0;1.04
COL;South America;Colombia;3/01/2021;1675820.0;9412.0;43965.0;200.0;1.06
COL;South America;Colombia;4/01/2021;1686131.0;10311.0;44187.0;222.0;1.12
COL;South America;Colombia;5/01/2021;1702966.0;16835.0;44428.0;241.0;1.2
COL;South America;Colombia;6/01/2021;1719771.0;16805.0;44723.0;295.0;1.22
COL;South America;Colombia;7/01/2021;1737347.0;17576.0;45067.0;344.0;1.21
COL;South America;Colombia;8/01/2021;1755568.0;18221.0;45431.0;364.0;1.2
COL;South America;Colombia;9/01/2021;1771363.0;15795.0;45784.0;353.0;1.17
COL;South America;Colombia;10/01/2021;1786900.0;15537.0;46114.0;330.0;1.16
COL;South America;Colombia;11/01/2021;1801903.0;15003.0;46451.0;337.0;1.13
COL;South America;Colombia;12/01/2021;1816082.0;14179.0;46782.0;331.0;1.1
COL;South America;Colombia;13/01/2021;1831980.0;15898.0;47124.0;342.0;1.1
COL;South America;Colombia;14/01/2021;1849101.0;17121.0;47491.0;367.0;1.12
COL;South America;Colombia;15/01/2021;1870179.0;21078.0;47868.0;377.0;1.16
COL;South America;Colombia;16/01/2021;1891034.0;20855.0;48256.0;388.0;1.15
COL;South America;Colombia;17/01/2021;1908413.0;17379.0;48631.0;375.0;1.11
COL;South America;Colombia;18/01/2021;1923132.0;14719.0;49004.0;373.0;1.06
COL;South America;Colombia;19/01/2021;1939071.0;15939.0;49402.0;398.0;1.01
COL;South America;Colombia;20/01/2021;1956979.0;17908.0;49792.0;390.0;0.97
COL;South America;Colombia;21/01/2021;1972345.0;15366.0;50187.0;395.0;0.93
COL;South America;Colombia;22/01/2021;1987418.0;15073.0;50586.0;399.0;0.91
COL;South America;Colombia;23/01/2021;2002969.0;15551.0;50982.0;396.0;0.9
COL;South America;Colombia;24/01/2021;2015485.0;12516.0;51374.0;392.0;0.89
COL;South America;Colombia;25/01/2021;2027746.0;12261.0;51747.0;373.0;0.88
COL;South America;Colombia;26/01/2021;2041352.0;13606.0;52128.0;381.0;0.86
COL;South America;Colombia;27/01/2021;2055305.0;13953.0;52523.0;395.0;0.82
COL;South America;Colombia;28/01/2021;2067575.0;12270.0;52913.0;390.0;0.78
COL;South America;Colombia;29/01/2021;2077633.0;10058.0;53284.0;371.0;0.75
COL;South America;Colombia;30/01/2021;2086806.0;9173.0;53650.0;366.0;0.74
COL;South America;Colombia;31/01/2021;2094884.0;8078.0;53983.0;333.0;0.76
COL;South America;Colombia;1/02/2021;2104506.0;9622.0;54272.0;289.0;0.79
COL;South America;Colombia;2/02/2021;2114597.0;10091.0;54576.0;304.0;0.79
COL;South America;Colombia;3/02/2021;2125622.0;11025.0;54877.0;301.0;0.78
COL;South America;Colombia;4/02/2021;2135412.0;9790.0;55131.0;254.0;0.75
COL;South America;Colombia;5/02/2021;2142660.0;7248.0;55403.0;272.0;0.71
COL;South America;Colombia;6/02/2021;2151207.0;8547.0;55693.0;290.0;0.7
COL;South America;Colombia;7/02/2021;2157216.0;6009.0;55993.0;300.0;0.67
COL;South America;Colombia;8/02/2021;2161462.0;4246.0;56290.0;297.0;0.65
COL;South America;Colombia;9/02/2021;2166904.0;5442.0;56507.0;217.0;0.65
COL;South America;Colombia;10/02/2021;2173347.0;6443.0;56733.0;226.0;0.66
COL;South America;Colombia;11/02/2021;2179641.0;6294.0;56983.0;250.0;0.67
COL;South America;Colombia;12/02/2021;2185169.0;5528.0;57196.0;213.0;0.67
COL;South America;Colombia;13/02/2021;2190116.0;4947.0;57425.0;229.0;0.67
COL;South America;Colombia;14/02/2021;2195039.0;4923.0;57605.0;180.0;0.69
COL;South America;Colombia;15/02/2021;2198549.0;3510.0;57786.0;181.0;0.69
COL;South America;Colombia;16/02/2021;2202598.0;4049.0;57949.0;163.0;0.7
COL;South America;Colombia;17/02/2021;2207701.0;5103.0;58134.0;185.0;0.73
COL;South America;Colombia;18/02/2021;2212525.0;4824.0;58334.0;200.0;0.74
COL;South America;Colombia;19/02/2021;2217001.0;4476.0;58511.0;177.0;0.76
COL;South America;Colombia;20/02/2021;2222018.0;5017.0;58685.0;174.0;0.78
COL;South America;Colombia;21/02/2021;2226262.0;4244.0;58834.0;149.0;0.79
COL;South America;Colombia;22/02/2021;2229663.0;3401.0;58974.0;140.0;0.78
COL;South America;Colombia;23/02/2021;2233589.0;3926.0;59118.0;144.0;0.78
COL;South America;Colombia;24/02/2021;2237542.0;3953.0;59260.0;142.0;0.77
COL;South America;Colombia;25/02/2021;2241225.0;3683.0;59396.0;136.0;0.76
COL;South America;Colombia;26/02/2021;2244792.0;3567.0;59518.0;122.0;0.78
COL;South America;Colombia;27/02/2021;2248135.0;3343.0;59660.0;142.0;0.8
COL;South America;Colombia;28/02/2021;2251690.0;3555.0;59766.0;106.0;0.84
COL;South America;Colombia;1/03/2021;2255260.0;3570.0;59866.0;100.0;0.89
COL;South America;Colombia;2/03/2021;2259599.0;4339.0;59972.0;106.0;0.89
COL;South America;Colombia;3/03/2021;2262646.0;3047.0;60082.0;110.0;0.85
COL;South America;Colombia;4/03/2021;2266211.0;3565.0;60189.0;107.0;0.85
COL;South America;Colombia;5/03/2021;2269582.0;3371.0;60300.0;111.0;0.86
COL;South America;Colombia;6/03/2021;2273245.0;3663.0;60412.0;112.0;0.88
COL;South America;Colombia;7/03/2021;2276656.0;3411.0;60503.0;91.0;0.9
COL;South America;Colombia;8/03/2021;2278861.0;2205.0;60598.0;95.0;0.92
COL;South America;Colombia;9/03/2021;2282372.0;3511.0;60676.0;78.0;0.97
COL;South America;Colombia;10/03/2021;2285960.0;3588.0;60773.0;97.0;1.01
COL;South America;Colombia;11/03/2021;2290539.0;4579.0;60858.0;85.0;1.05
COL;South America;Colombia;12/03/2021;2294617.0;4078.0;60950.0;92.0;1.07
COL;South America;Colombia;13/03/2021;2299082.0;4465.0;61046.0;96.0;1.07
COL;South America;Colombia;14/03/2021;2303144.0;4062.0;61143.0;97.0;1.07
COL;South America;Colombia;15/03/2021;2305884.0;2740.0;61243.0;100.0;1.07
COL;South America;Colombia;16/03/2021;2309600.0;3716.0;61368.0;125.0;1.11
COL;South America;Colombia;17/03/2021;2314154.0;4554.0;61498.0;130.0;1.16
COL;South America;Colombia;18/03/2021;2319293.0;5139.0;61636.0;138.0;1.21
COL;South America;Colombia;19/03/2021;2324426.0;5133.0;61771.0;135.0;1.26
COL;South America;Colombia;20/03/2021;2331187.0;6761.0;61907.0;136.0;1.3
COL;South America;Colombia;21/03/2021;2337230.0;6043.0;62028.0;121.0;1.29
COL;South America;Colombia;22/03/2021;2342278.0;5048.0;62148.0;120.0;1.26
COL;South America;Colombia;23/03/2021;2347224.0;4946.0;62274.0;126.0;1.23
COL;South America;Colombia;24/03/2021;2353210.0;5986.0;62394.0;120.0;1.25
COL;South America;Colombia;25/03/2021;2359942.0;6732.0;62519.0;125.0;1.27
COL;South America;Colombia;26/03/2021;2367337.0;7395.0;62645.0;126.0;1.3
COL;South America;Colombia;27/03/2021;2375591.0;8254.0;62790.0;145.0;1.32
COL;South America;Colombia;28/03/2021;2382730.0;7139.0;62955.0;165.0;1.31
COL;South America;Colombia;29/03/2021;2389779.0;7049.0;63079.0;124.0;1.32
COL;South America;Colombia;30/03/2021;2397731.0;7952.0;63255.0;176.0;1.33
COL;South America;Colombia;31/03/2021;2406377.0;8646.0;63422.0;167.0;1.34
COL;South America;Colombia;1/04/2021;2417826.0;11449.0;63614.0;192.0;1.35
COL;South America;Colombia;2/04/2021;2428048.0;10222.0;63777.0;163.0;1.32
COL;South America;Colombia;3/04/2021;2437197.0;9149.0;63932.0;155.0;1.28
COL;South America;Colombia;4/04/2021;2446219.0;9022.0;64094.0;162.0;1.28
COL;South America;Colombia;5/04/2021;2456409.0;10190.0;64293.0;199.0;1.31
COL;South America;Colombia;6/04/2021;2468236.0;11827.0;64524.0;231.0;1.32
COL;South America;Colombia;7/04/2021;2479617.0;11381.0;64767.0;243.0;1.31
COL;South America;Colombia;8/04/2021;2492081.0;12464.0;65014.0;247.0;1.31
COL;South America;Colombia;9/04/2021;2504206.0;12125.0;65283.0;269.0;1.33
COL;South America;Colombia;10/04/2021;2518715.0;14509.0;65608.0;325.0;1.38
COL;South America;Colombia;11/04/2021;2536198.0;17483.0;65889.0;281.0;1.42
COL;South America;Colombia;12/04/2021;2552937.0;16739.0;66156.0;267.0;1.4
COL;South America;Colombia;13/04/2021;2569314.0;16377.0;66482.0;326.0;1.34
COL;South America;Colombia;14/04/2021;2585801.0;16487.0;66819.0;337.0;1.28
COL;South America;Colombia;15/04/2021;2602719.0;16918.0;67199.0;380.0;1.23
COL;South America;Colombia;16/04/2021;2619422.0;16703.0;67564.0;365.0;1.19
COL;South America;Colombia;17/04/2021;2636076.0;16654.0;67931.0;367.0;1.17
COL;South America;Colombia;18/04/2021;2652947.0;16871.0;68328.0;397.0;1.15
COL;South America;Colombia;19/04/2021;2667136.0;14189.0;68748.0;420.0;1.14
COL;South America;Colombia;20/04/2021;2684101.0;16965.0;69177.0;429.0;1.14
COL;South America;Colombia;21/04/2021;2701313.0;17212.0;69596.0;419.0;1.13
COL;South America;Colombia;22/04/2021;2720619.0;19306.0;70026.0;430.0;1.12
COL;South America;Colombia;23/04/2021;2740544.0;19925.0;70446.0;420.0;1.1
COL;South America;Colombia;24/04/2021;2757274.0;16730.0;70886.0;440.0;1.07
COL;South America;Colombia;25/04/2021;2774464.0;17190.0;71351.0;465.0;1.05
COL;South America;Colombia;26/04/2021;2787303.0;12839.0;71799.0;448.0;1.04
COL;South America;Colombia;27/04/2021;2804881.0;17578.0;72235.0;436.0;1.05
COL;South America;Colombia;28/04/2021;2824626.0;19745.0;72725.0;490.0;1.05
COL;South America;Colombia;29/04/2021;2841934.0;17308.0;73230.0;505.0;1.02
COL;South America;Colombia;30/04/2021;2859724.0;17790.0;73720.0;490.0;1.0
COL;South America;Colombia;1/05/2021;2877746.0;18022.0;73992.0;272.0;0.98
COL;South America;Colombia;2/05/2021;2893655.0;15909.0;74477.0;485.0;0.96
COL;South America;Colombia;3/05/2021;2905254.0;11599.0;75164.0;687.0;0.94
COL;South America;Colombia;4/05/2021;2919805.0;14551.0;75627.0;463.0;0.94
COL;South America;Colombia;5/05/2021;2934611.0;14806.0;76015.0;388.0;0.95
COL;South America;Colombia;6/05/2021;2951101.0;16490.0;76414.0;399.0;0.97
COL;South America;Colombia;7/05/2021;2968626.0;17525.0;76867.0;453.0;1.0
COL;South America;Colombia;8/05/2021;2985536.0;16910.0;77359.0;492.0;1.0
COL;South America;Colombia;9/05/2021;3002758.0;17222.0;77854.0;495.0;1.01
COL;South America;Colombia;10/05/2021;3015301.0;12543.0;78342.0;488.0;1.01
COL;South America;Colombia;11/05/2021;3031726.0;16425.0;78771.0;429.0;1.02
COL;South America;Colombia;12/05/2021;3048719.0;16993.0;79261.0;490.0;1.03
COL;South America;Colombia;13/05/2021;3067879.0;19160.0;79760.0;499.0;1.03
COL;South America;Colombia;14/05/2021;3084460.0;16581.0;80250.0;490.0;1.01
COL;South America;Colombia;15/05/2021;3103333.0;18873.0;80780.0;530.0;1.0
COL;South America;Colombia;16/05/2021;3118426.0;15093.0;81300.0;520.0;0.98
COL;South America;Colombia;17/05/2021;3131410.0;12984.0;81809.0;509.0;0.97
COL;South America;Colombia;18/05/2021;3144547.0;13137.0;82291.0;482.0;0.96
COL;South America;Colombia;19/05/2021;3161126.0;16579.0;82743.0;452.0;0.99
COL;South America;Colombia;20/05/2021;3177212.0;16086.0;83233.0;490.0;1.0
COL;South America;Colombia;21/05/2021;3192050.0;14838.0;83719.0;486.0;1.04
COL;South America;Colombia;22/05/2021;3210787.0;18737.0;84228.0;509.0;1.11
COL;South America;Colombia;23/05/2021;3232456.0;21669.0;84724.0;496.0;1.18
COL;South America;Colombia;24/05/2021;3249433.0;16977.0;85207.0;483.0;1.2
COL;South America;Colombia;25/05/2021;3270614.0;21181.0;85666.0;459.0;1.22
COL;South America;Colombia;26/05/2021;3294101.0;23487.0;86180.0;514.0;1.22
COL;South America;Colombia;27/05/2021;3319193.0;25092.0;86693.0;513.0;1.2
COL;South America;Colombia;28/05/2021;3342567.0;23374.0;87207.0;514.0;1.17
COL;South America;Colombia;29/05/2021;3363061.0;20494.0;87747.0;540.0;1.15
COL;South America;Colombia;30/05/2021;3383279.0;20218.0;88282.0;535.0;1.16
COL;South America;Colombia;31/05/2021;3406456.0;23177.0;88774.0;492.0;1.2
COL;South America;Colombia;1/06/2021;3432422.0;25966.0;89297.0;523.0;1.22
COL;South America;Colombia;2/06/2021;3459422.0;27000.0;89808.0;511.0;1.21
COL;South America;Colombia;3/06/2021;3488046.0;28624.0;90353.0;545.0;1.19
COL;South America;Colombia;4/06/2021;3518046.0;30000.0;90890.0;537.0;1.17
COL;South America;Colombia;5/06/2021;3547017.0;28971.0;91422.0;532.0;1.13
COL;South America;Colombia;6/06/2021;3571067.0;24050.0;91961.0;539.0;1.08
COL;South America;Colombia;7/06/2021;3593016.0;21949.0;92496.0;535.0;1.04
COL;South America;Colombia;8/06/2021;3611602.0;18586.0;92923.0;427.0;1.02
COL;South America;Colombia;9/06/2021;3633481.0;21879.0;93394.0;471.0;1.04
COL;South America;Colombia;10/06/2021;3665137.0;31656.0;94046.0;652.0;1.09
COL;South America;Colombia;11/06/2021;3694707.0;29570.0;94615.0;569.0;1.11
COL;South America;Colombia;12/06/2021;3724705.0;29998.0;95192.0;577.0;1.11
COL;South America;Colombia;13/06/2021;3753224.0;28519.0;95778.0;586.0;1.09
COL;South America;Colombia;14/06/2021;3777600.0;24376.0;96366.0;588.0;1.07
COL;South America;Colombia;15/06/2021;3802052.0;24452.0;96965.0;599.0;1.06
COL;South America;Colombia;16/06/2021;3829879.0;27827.0;97560.0;595.0;1.06
COL;South America;Colombia;17/06/2021;3859824.0;29945.0;98156.0;596.0;1.05
COL;South America;Colombia;18/06/2021;3888614.0;28790.0;98746.0;590.0;1.04
COL;South America;Colombia;19/06/2021;3917348.0;28734.0;99335.0;589.0;1.04
COL;South America;Colombia;20/06/2021;3945166.0;27818.0;99934.0;599.0;1.04
COL;South America;Colombia;21/06/2021;3968405.0;23239.0;100582.0;648.0;1.05
COL;South America;Colombia;22/06/2021;3997021.0;28616.0;101302.0;720.0;1.07
COL;South America;Colombia;23/06/2021;4027016.0;29995.0;101947.0;645.0;1.09
COL;South America;Colombia;24/06/2021;4060013.0;32997.0;102636.0;689.0;1.09
COL;South America;Colombia;25/06/2021;4092746.0;32733.0;103321.0;685.0;1.09
COL;South America;Colombia;26/06/2021;4126340.0;33594.0;104014.0;693.0;1.08
COL;South America;Colombia;27/06/2021;4158716.0;32376.0;104678.0;664.0;1.06
COL;South America;Colombia;28/06/2021;4187194.0;28478.0;105326.0;648.0;1.03
COL;South America;Colombia;29/06/2021;4213074.0;25880.0;105934.0;608.0;0.99
COL;South America;Colombia;30/06/2021;4240982.0;27908.0;106544.0;610.0;0.97
COL;South America;Colombia;1/07/2021;4269297.0;28315.0;107137.0;593.0;0.95
COL;South America;Colombia;2/07/2021;4297302.0;28005.0;107723.0;586.0;0.94
COL;South America;Colombia;3/07/2021;4324230.0;26928.0;108314.0;591.0;0.93
COL;South America;Colombia;4/07/2021;4350495.0;26265.0;108896.0;582.0;0.93
COL;South America;Colombia;5/07/2021;4375861.0;25366.0;109466.0;570.0;0.93
COL;South America;Colombia;6/07/2021;4402582.0;26721.0;110019.0;553.0;0.92
COL;South America;Colombia;7/07/2021;4426811.0;24229.0;110578.0;559.0;0.88
COL;South America;Colombia;8/07/2021;4450086.0;23275.0;111155.0;577.0;0.84
COL;South America;Colombia;9/07/2021;4471622.0;21536.0;111731.0;576.0;0.82
COL;South America;Colombia;10/07/2021;4492537.0;20915.0;112298.0;567.0;0.81
COL;South America;Colombia;11/07/2021;4511960.0;19423.0;112826.0;528.0;0.8
COL;South America;Colombia;12/07/2021;4530610.0;18650.0;113335.0;509.0;0.8
COL;South America;Colombia;13/07/2021;4548142.0;17532.0;113839.0;504.0;0.8
COL;South America;Colombia;14/07/2021;4565372.0;17230.0;114337.0;498.0;0.8
COL;South America;Colombia;15/07/2021;4583442.0;18070.0;114833.0;496.0;0.8
COL;South America;Colombia;16/07/2021;4601335.0;17893.0;115333.0;500.0;0.81
COL;South America;Colombia;17/07/2021;4621260.0;19925.0;115831.0;498.0;0.83
COL;South America;Colombia;18/07/2021;4639466.0;18206.0;116307.0;476.0;0.82
COL;South America;Colombia;19/07/2021;4655921.0;16455.0;116753.0;446.0;0.79
COL;South America;Colombia;20/07/2021;4668750.0;12829.0;117131.0;378.0;0.74
COL;South America;Colombia;21/07/2021;4679994.0;11244.0;117482.0;351.0;0.71
COL;South America;Colombia;22/07/2021;4692570.0;12576.0;117836.0;354.0;0.7
COL;South America;Colombia;23/07/2021;4705734.0;13164.0;118188.0;352.0;0.7
COL;South America;Colombia;24/07/2021;4716798.0;11064.0;118538.0;350.0;0.69
COL;South America;Colombia;25/07/2021;4727846.0;11048.0;118868.0;330.0;0.7
COL;South America;Colombia;26/07/2021;4736349.0;8503.0;119182.0;314.0;0.71
COL;South America;Colombia;27/07/2021;4747775.0;11426.0;119482.0;300.0;0.72
COL;South America;Colombia;28/07/2021;4757139.0;9364.0;119801.0;319.0;0.72
COL;South America;Colombia;29/07/2021;4766829.0;9690.0;120126.0;325.0;0.71
COL;South America;Colombia;30/07/2021;4776291.0;9462.0;120432.0;306.0;0.71
COL;South America;Colombia;31/07/2021;4785320.0;9029.0;120723.0;291.0;0.71
COL;South America;Colombia;1/08/2021;4794414.0;9094.0;120998.0;275.0;0.71
COL;South America;Colombia;2/08/2021;4801050.0;6636.0;121216.0;218.0;0.7
COL;South America;Colombia;3/08/2021;4807979.0;6929.0;121216.0;0.0;0.69
COL;South America;Colombia;4/08/2021;4815063.0;7084.0;121695.0;479.0;0.68
COL;South America;Colombia;5/08/2021;4821603.0;6540.0;121899.0;204.0;0.66
COL;South America;Colombia;6/08/2021;4828583.0;6980.0;122087.0;188.0;0.65
COL;South America;Colombia;7/08/2021;4834634.0;6051.0;122277.0;190.0;0.63
COL;South America;Colombia;8/08/2021;4838984.0;4350.0;122458.0;181.0;0.62
COL;South America;Colombia;9/08/2021;4843007.0;4023.0;122601.0;143.0;0.62
COL;South America;Colombia;10/08/2021;4846955.0;3948.0;122768.0;167.0;0.62
COL;South America;Colombia;11/08/2021;4852323.0;5368.0;122953.0;185.0;0.64
COL;South America;Colombia;12/08/2021;4856595.0;4272.0;123097.0;144.0;0.63
COL;South America;Colombia;13/08/2021;4860622.0;4027.0;123221.0;124.0;0.62
COL;South America;Colombia;14/08/2021;4864629.0;4007.0;123356.0;135.0;0.63
COL;South America;Colombia;15/08/2021;4867761.0;3132.0;123459.0;103.0;0.63
COL;South America;Colombia;16/08/2021;4870922.0;3161.0;123580.0;121.0;0.65
COL;South America;Colombia;17/08/2021;4874169.0;3247.0;123688.0;108.0;0.66
COL;South America;Colombia;18/08/2021;4877323.0;3154.0;123781.0;93.0;0.66
COL;South America;Colombia;19/08/2021;4880516.0;3193.0;123901.0;120.0;0.68
COL;South America;Colombia;20/08/2021;4883932.0;3416.0;124023.0;122.0;0.69
COL;South America;Colombia;21/08/2021;4886897.0;2965.0;124121.0;98.0;0.68
COL;South America;Colombia;22/08/2021;4889537.0;2640.0;124216.0;95.0;0.69
COL;South America;Colombia;23/08/2021;4892235.0;2698.0;124315.0;99.0;0.7
COL;South America;Colombia;24/08/2021;4894702.0;2467.0;124388.0;73.0;0.69
COL;South America;Colombia;25/08/2021;4897150.0;2448.0;124474.0;86.0;0.67
COL;South America;Colombia;26/08/2021;4899085.0;1935.0;124567.0;93.0;0.65
COL;South America;Colombia;27/08/2021;4901163.0;2078.0;124648.0;81.0;0.66
COL;South America;Colombia;28/08/2021;4903304.0;2141.0;124743.0;95.0;0.68
COL;South America;Colombia;29/08/2021;4905258.0;1954.0;124811.0;68.0;0.71
COL;South America;Colombia;30/08/2021;4907264.0;2006.0;124883.0;72.0;0.74
COL;South America;Colombia;31/08/2021;4909086.0;1822.0;124945.0;62.0;0.75
COL;South America;Colombia;1/09/2021;4911082.0;1996.0;125016.0;71.0;0.75
COL;South America;Colombia;2/09/2021;4913031.0;1949.0;125097.0;81.0;0.76
COL;South America;Colombia;3/09/2021;4914881.0;1850.0;125158.0;61.0;0.76
COL;South America;Colombia;4/09/2021;4916980.0;2099.0;125230.0;72.0;0.77
COL;South America;Colombia;5/09/2021;4918649.0;1669.0;125278.0;48.0;0.77
COL;South America;Colombia;6/09/2021;4919773.0;1124.0;125331.0;53.0;0.78
COL;South America;Colombia;7/09/2021;4921410.0;1637.0;125378.0;47.0;0.81
COL;South America;Colombia;8/09/2021;4923197.0;1787.0;125427.0;49.0;0.84
COL;South America;Colombia;9/09/2021;4925000.0;1803.0;125480.0;53.0;0.85
COL;South America;Colombia;10/09/2021;4926772.0;1772.0;125529.0;49.0;0.86
COL;South America;Colombia;11/09/2021;4928578.0;1806.0;125592.0;63.0;0.86
COL;South America;Colombia;12/09/2021;4930249.0;1671.0;125647.0;55.0;0.87
COL;South America;Colombia;13/09/2021;4931563.0;1314.0;125687.0;40.0;0.87
COL;South America;Colombia;14/09/2021;4932998.0;1435.0;125713.0;26.0;0.87
COL;South America;Colombia;15/09/2021;4934568.0;1570.0;125753.0;40.0;0.87
COL;South America;Colombia;16/09/2021;4936052.0;1484.0;125782.0;29.0;0.88
COL;South America;Colombia;17/09/2021;4937596.0;1544.0;125826.0;44.0;0.89
COL;South America;Colombia;18/09/2021;4939251.0;1655.0;125860.0;34.0;0.92
COL;South America;Colombia;19/09/2021;4941064.0;1813.0;125895.0;35.0;0.95
COL;South America;Colombia;20/09/2021;4942249.0;1185.0;125924.0;29.0;0.94
COL;South America;Colombia;21/09/2021;4943622.0;1373.0;125962.0;38.0;0.94
COL;South America;Colombia;22/09/2021;4945203.0;1581.0;126006.0;44.0;0.96
COL;South America;Colombia;23/09/2021;4946811.0;1608.0;126032.0;26.0;0.96
COL;South America;Colombia;24/09/2021;4948513.0;1702.0;126068.0;36.0;0.96
COL;South America;Colombia;25/09/2021;4950253.0;1740.0;126102.0;34.0;0.96
COL;South America;Colombia;26/09/2021;4951675.0;1422.0;126145.0;43.0;0.95
COL;South America;Colombia;27/09/2021;4952690.0;1015.0;126178.0;33.0;0.95
COL;South America;Colombia;28/09/2021;4954376.0;1686.0;126219.0;41.0;0.98
COL;South America;Colombia;29/09/2021;4955848.0;1472.0;126261.0;42.0;0.97
COL;South America;Colombia;30/09/2021;4957277.0;1429.0;126299.0;38.0;0.97
COL;South America;Colombia;1/10/2021;4959144.0;1867.0;126336.0;37.0;0.97
COL;South America;Colombia;2/10/2021;4960641.0;1497.0;126372.0;36.0;0.95
COL;South America;Colombia;3/10/2021;4962054.0;1413.0;126401.0;29.0;0.95
COL;South America;Colombia;4/10/2021;4963243.0;1189.0;126425.0;24.0;0.95
COL;South America;Colombia;5/10/2021;4964454.0;1211.0;126455.0;30.0;0.95
COL;South America;Colombia;6/10/2021;4965847.0;1393.0;126487.0;32.0;0.97
COL;South America;Colombia;7/10/2021;4967524.0;1677.0;126517.0;30.0;0.99
COL;South America;Colombia;8/10/2021;4969131.0;1607.0;126552.0;35.0;0.98
COL;South America;Colombia;9/10/2021;4970718.0;1587.0;126585.0;33.0;0.97
COL;South America;Colombia;10/10/2021;4972236.0;1518.0;126623.0;38.0;0.96
COL;South America;Colombia;11/10/2021;4973325.0;1089.0;126655.0;32.0;0.94
COL;South America;Colombia;12/10/2021;4974400.0;1075.0;126692.0;37.0;0.93
COL;South America;Colombia;13/10/2021;4975656.0;1256.0;126726.0;34.0;0.93
COL;South America;Colombia;14/10/2021;4977043.0;1387.0;126759.0;33.0;0.95
COL;South America;Colombia;15/10/2021;4978689.0;1646.0;126796.0;37.0;0.97
COL;South America;Colombia;16/10/2021;4980233.0;1544.0;126830.0;34.0;0.97
COL;South America;Colombia;17/10/2021;4981532.0;1299.0;126865.0;35.0;0.95
COL;South America;Colombia;18/10/2021;4982575.0;1043.0;126886.0;21.0;0.94
COL;South America;Colombia;19/10/2021;4983527.0;952.0;126910.0;24.0;0.95
COL;South America;Colombia;20/10/2021;4984751.0;1224.0;126931.0;21.0;0.99
COL;South America;Colombia;21/10/2021;4986249.0;1498.0;126959.0;28.0;1.04
COL;South America;Colombia;22/10/2021;4988021.0;1772.0;126994.0;35.0;1.08
COL;South America;Colombia;23/10/2021;4989681.0;1660.0;127032.0;38.0;1.09
COL;South America;Colombia;24/10/2021;4991050.0;1369.0;127067.0;35.0;1.09
COL;South America;Colombia;25/10/2021;4992586.0;1536.0;127099.0;32.0;1.11
COL;South America;Colombia;26/10/2021;4994014.0;1428.0;127133.0;34.0;1.11
COL;South America;Colombia;27/10/2021;4995694.0;1680.0;127159.0;26.0;1.11
COL;South America;Colombia;28/10/2021;4997444.0;1750.0;127195.0;36.0;1.09
COL;South America;Colombia;29/10/2021;4999048.0;1604.0;127225.0;30.0;1.07
COL;South America;Colombia;30/10/2021;5000677.0;1629.0;127258.0;33.0;1.07
COL;South America;Colombia;31/10/2021;5002387.0;1710.0;127281.0;23.0;1.09
COL;South America;Colombia;1/11/2021;5003977.0;1590.0;127311.0;30.0;1.09
COL;South America;Colombia;2/11/2021;5005402.0;1425.0;127348.0;37.0;1.09
COL;South America;Colombia;3/11/2021;5007099.0;1697.0;127380.0;32.0;1.11
COL;South America;Colombia;4/11/2021;5009007.0;1908.0;127417.0;37.0;1.13
COL;South America;Colombia;5/11/2021;5010982.0;1975.0;127456.0;39.0;1.15
COL;South America;Colombia;6/11/2021;5012981.0;1999.0;127488.0;32.0;1.17
COL;South America;Colombia;7/11/2021;5015042.0;2061.0;127533.0;45.0;1.19
COL;South America;Colombia;8/11/2021;5016959.0;1917.0;127571.0;38.0;1.22
COL;South America;Colombia;9/11/2021;5019158.0;2199.0;127610.0;39.0;1.24
COL;South America;Colombia;10/11/2021;5021619.0;2461.0;127640.0;30.0;1.25
COL;South America;Colombia;11/11/2021;5024263.0;2644.0;127680.0;40.0;1.23
COL;South America;Colombia;12/11/2021;5026822.0;2559.0;127721.0;41.0;1.2
COL;South America;Colombia;13/11/2021;5029335.0;2513.0;127766.0;45.0;1.17
COL;South America;Colombia;14/11/2021;5031945.0;2610.0;127809.0;43.0;1.14
COL;South America;Colombia;15/11/2021;5034266.0;2321.0;127833.0;24.0;1.11
COL;South America;Colombia;16/11/2021;5036287.0;2021.0;127865.0;32.0;1.07
COL;South America;Colombia;17/11/2021;5038544.0;2257.0;127912.0;47.0;1.04
COL;South America;Colombia;18/11/2021;5040665.0;2121.0;127963.0;51.0;1.01
COL;South America;Colombia;19/11/2021;5042822.0;2157.0;128013.0;50.0;1.02
COL;South America;Colombia;20/11/2021;5045412.0;2590.0;128054.0;41.0;1.06
COL;South America;Colombia;21/11/2021;5048061.0;2649.0;128093.0;39.0;1.08
COL;South America;Colombia;22/11/2021;5050255.0;2194.0;128138.0;45.0;1.09
COL;South America;Colombia;23/11/2021;5052733.0;2478.0;128188.0;50.0;1.09
COL;South America;Colombia;24/11/2021;5055253.0;2520.0;128236.0;48.0;1.07
COL;South America;Colombia;25/11/2021;5057897.0;2644.0;128290.0;54.0;1.05
COL;South America;Colombia;26/11/2021;5060557.0;2660.0;128343.0;53.0;1.03
COL;South America;Colombia;27/11/2021;5063177.0;2620.0;128394.0;51.0;1.0
COL;South America;Colombia;28/11/2021;5065373.0;2196.0;128437.0;43.0;0.98
COL;South America;Colombia;29/11/2021;5067348.0;1975.0;128473.0;36.0;0.97
COL;South America;Colombia;30/11/2021;5069644.0;2296.0;128528.0;55.0;0.97
COL;South America;Colombia;1/12/2021;5071817.0;2173.0;128586.0;58.0;0.95
COL;South America;Colombia;2/12/2021;5074079.0;2262.0;128643.0;57.0;0.94
COL;South America;Colombia;3/12/2021;5076378.0;2299.0;128685.0;42.0;0.94
COL;South America;Colombia;4/12/2021;5078987.0;2609.0;128733.0;48.0;0.93
COL;South America;Colombia;5/12/2021;5081064.0;2077.0;128780.0;47.0;0.91
COL;South America;Colombia;6/12/2021;5082762.0;1698.0;128821.0;41.0;0.89
COL;South America;Colombia;7/12/2021;5084466.0;1704.0;128874.0;53.0;0.88
COL;South America;Colombia;8/12/2021;5086381.0;1915.0;128874.0;0.0;0.86
COL;South America;Colombia;9/12/2021;5088008.0;1627.0;128969.0;95.0;0.84
COL;South America;Colombia;10/12/2021;5089695.0;1687.0;129011.0;42.0;0.86
COL;South America;Colombia;11/12/2021;5091508.0;1813.0;129056.0;45.0;0.9
COL;South America;Colombia;12/12/2021;5093534.0;2026.0;129107.0;51.0;0.97
COL;South America;Colombia;13/12/2021;5095821.0;2287.0;129163.0;56.0;1.02
COL;South America;Colombia;14/12/2021;5097680.0;1859.0;129205.0;42.0;1.01
COL;South America;Colombia;15/12/2021;5099746.0;2066.0;129256.0;51.0;0.98
COL;South America;Colombia;16/12/2021;5101466.0;1720.0;129295.0;39.0;0.94
COL;South America;Colombia;17/12/2021;5103269.0;1803.0;129345.0;50.0;0.94
COL;South America;Colombia;18/12/2021;5105285.0;2016.0;129399.0;54.0;0.97
COL;South America;Colombia;19/12/2021;5107323.0;2038.0;129458.0;59.0;1.02
COL;South America;Colombia;20/12/2021;5109022.0;1699.0;129487.0;29.0;1.06
COL;South America;Colombia;21/12/2021;5110788.0;1766.0;129534.0;47.0;1.1
COL;South America;Colombia;22/12/2021;5112719.0;1931.0;129586.0;52.0;1.16
COL;South America;Colombia;23/12/2021;5115194.0;2475.0;129640.0;54.0;1.25
COL;South America;Colombia;24/12/2021;5118254.0;3060.0;129686.0;46.0;1.35
COL;South America;Colombia;25/12/2021;5121668.0;3414.0;129729.0;43.0;1.44
COL;South America;Colombia;26/12/2021;5124690.0;3022.0;129761.0;32.0;1.54
COL;South America;Colombia;27/12/2021;5127971.0;3281.0;129798.0;37.0;1.68
COL;South America;Colombia;28/12/2021;5132277.0;4306.0;129833.0;35.0;1.85
COL;South America;Colombia;29/12/2021;5138603.0;6326.0;129866.0;33.0;2.02
COL;South America;Colombia;30/12/2021;5147039.0;8436.0;129901.0;35.0;2.13
COL;South America;Colombia;31/12/2021;5157440.0;10401.0;129942.0;41.0;2.17
COL;South America;Colombia;1/01/2022;5169855.0;12415.0;129986.0;44.0;2.13
COL;South America;Colombia;2/01/2022;5181173.0;11318.0;130026.0;40.0;2.04
COL;South America;Colombia;3/01/2022;5191021.0;9848.0;130061.0;35.0;1.99
COL;South America;Colombia;4/01/2022;5203374.0;12353.0;130100.0;39.0;2.0
COL;South America;Colombia;5/01/2022;5219633.0;16259.0;130140.0;40.0;2.04
COL;South America;Colombia;6/01/2022;5242672.0;23039.0;130191.0;51.0;2.09
COL;South America;Colombia;7/01/2022;5268862.0;26190.0;130250.0;59.0;2.06
COL;South America;Colombia;8/01/2022;5300032.0;31170.0;130288.0;38.0;1.99
COL;South America;Colombia;9/01/2022;5330662.0;30630.0;130338.0;50.0;1.88
COL;South America;Colombia;10/01/2022;5357767.0;27105.0;130395.0;57.0;1.74
COL;South America;Colombia;11/01/2022;5380841.0;23074.0;130460.0;65.0;1.59
COL;South America;Colombia;12/01/2022;5410698.0;29857.0;130529.0;69.0;1.51
COL;South America;Colombia;13/01/2022;5440981.0;30283.0;130625.0;96.0;1.43
COL;South America;Colombia;14/01/2022;5475904.0;34923.0;130731.0;106.0;1.38
COL;South America;Colombia;15/01/2022;5511479.0;35575.0;130860.0;129.0;1.32
COL;South America;Colombia;16/01/2022;5543796.0;32317.0;130996.0;136.0;1.26
COL;South America;Colombia;17/01/2022;5568068.0;24272.0;131130.0;134.0;1.2
COL;South America;Colombia;18/01/2022;5596917.0;28849.0;131268.0;138.0;1.15
COL;South America;Colombia;19/01/2022;5624520.0;27603.0;131437.0;169.0;1.09
COL;South America;Colombia;20/01/2022;5655026.0;30506.0;131627.0;190.0;1.05
COL;South America;Colombia;21/01/2022;5686065.0;31039.0;131824.0;197.0;1.0
COL;South America;Colombia;22/01/2022;5714092.0;28027.0;132023.0;199.0;0.95
COL;South America;Colombia;23/01/2022;5740179.0;26087.0;132240.0;217.0;0.92
COL;South America;Colombia;24/01/2022;5761398.0;21219.0;132477.0;237.0;0.89
COL;South America;Colombia;25/01/2022;5780910.0;19512.0;132737.0;260.0;0.84
COL;South America;Colombia;26/01/2022;5798799.0;17889.0;133019.0;282.0;0.79
COL;South America;Colombia;27/01/2022;5816462.0;17663.0;133292.0;273.0;0.76
COL;South America;Colombia;28/01/2022;5837408.0;20946.0;133560.0;268.0;0.75
COL;South America;Colombia;29/01/2022;5855858.0;18450.0;133832.0;272.0;0.75
COL;South America;Colombia;30/01/2022;5871977.0;16119.0;134079.0;247.0;0.75
COL;South America;Colombia;31/01/2022;5887261.0;15284.0;134300.0;221.0;0.76
COL;South America;Colombia;1/02/2022;5901715.0;14454.0;134551.0;251.0;0.75
COL;South America;Colombia;2/02/2022;5916825.0;15110.0;134781.0;230.0;0.73
COL;South America;Colombia;3/02/2022;5930393.0;13568.0;135043.0;262.0;0.69
COL;South America;Colombia;4/02/2022;5943783.0;13390.0;135282.0;239.0;0.67
COL;South America;Colombia;5/02/2022;5956350.0;12567.0;135518.0;236.0;0.65
COL;South America;Colombia;6/02/2022;5966706.0;10356.0;135757.0;239.0;0.65
COL;South America;Colombia;7/02/2022;5975786.0;9080.0;135992.0;235.0;0.64
COL;South America;Colombia;8/02/2022;5985516.0;9730.0;136197.0;205.0;0.63
COL;South America;Colombia;9/02/2022;5994301.0;8785.0;136404.0;207.0;0.6
COL;South America;Colombia;10/02/2022;6002570.0;8269.0;136583.0;179.0;0.55
COL;South America;Colombia;11/02/2022;6007991.0;5421.0;136764.0;181.0;0.51
COL;South America;Colombia;12/02/2022;6014563.0;6572.0;136953.0;189.0;0.49
COL;South America;Colombia;13/02/2022;6020095.0;5532.0;137115.0;162.0;0.49
COL;South America;Colombia;14/02/2022;6023257.0;3162.0;137301.0;186.0;0.48
COL;South America;Colombia;15/02/2022;6026988.0;3731.0;137439.0;138.0;0.48
COL;South America;Colombia;16/02/2022;6031130.0;4142.0;137586.0;147.0;0.49
COL;South America;Colombia;17/02/2022;6035143.0;4013.0;137733.0;147.0;0.5
COL;South America;Colombia;18/02/2022;6039163.0;4020.0;137869.0;136.0;0.51
COL;South America;Colombia;19/02/2022;6043661.0;4498.0;137996.0;127.0;0.52
COL;South America;Colombia;20/02/2022;6047042.0;3381.0;138106.0;110.0;0.52
COL;South America;Colombia;21/02/2022;6049952.0;2910.0;138205.0;99.0;0.51
COL;South America;Colombia;22/02/2022;6052126.0;2174.0;138285.0;80.0;0.49
COL;South America;Colombia;23/02/2022;6054307.0;2181.0;138364.0;79.0;0.47
COL;South America;Colombia;24/02/2022;6056556.0;2249.0;138421.0;57.0;0.47
COL;South America;Colombia;25/02/2022;6058715.0;2159.0;138501.0;80.0;0.47
COL;South America;Colombia;26/02/2022;6060793.0;2078.0;138598.0;97.0;0.47
COL;South America;Colombia;27/02/2022;6062701.0;1908.0;138693.0;95.0;0.49
COL;South America;Colombia;28/02/2022;6064583.0;1882.0;138767.0;74.0;0.49
COL;South America;Colombia;1/03/2022;6065801.0;1218.0;138854.0;87.0;0.47
COL;South America;Colombia;2/03/2022;6067023.0;1222.0;138899.0;45.0;0.46
COL;South America;Colombia;3/03/2022;6068074.0;1051.0;138939.0;40.0;0.45
COL;South America;Colombia;4/03/2022;6069425.0;1351.0;138984.0;45.0;0.46
COL;South America;Colombia;5/03/2022;6070616.0;1191.0;139037.0;53.0;0.47
COL;South America;Colombia;6/03/2022;6071704.0;1088.0;139091.0;54.0;0.48
COL;South America;Colombia;7/03/2022;6072656.0;952.0;139120.0;29.0;0.48
COL;South America;Colombia;8/03/2022;6073416.0;760.0;139154.0;34.0;0.48
COL;South America;Colombia;9/03/2022;6074155.0;739.0;139189.0;35.0;0.47
COL;South America;Colombia;10/03/2022;6074874.0;719.0;139220.0;31.0;0.47
COL;South America;Colombia;11/03/2022;6075656.0;782.0;139255.0;35.0;0.47
COL;South America;Colombia;12/03/2022;6076333.0;677.0;139283.0;28.0;0.48
COL;South America;Colombia;13/03/2022;6076819.0;486.0;139297.0;14.0;0.49
COL;South America;Colombia;14/03/2022;6077288.0;469.0;139315.0;18.0;0.53
COL;South America;Colombia;15/03/2022;6077861.0;573.0;139335.0;20.0;0.58
COL;South America;Colombia;16/03/2022;6078487.0;626.0;139361.0;26.0;0.62
COL;South America;Colombia;17/03/2022;6079231.0;744.0;139386.0;25.0;0.65
COL;South America;Colombia;18/03/2022;6079896.0;665.0;139415.0;29.0;0.66
COL;South America;Colombia;19/03/2022;6080589.0;693.0;139434.0;19.0;0.66
COL;South America;Colombia;20/03/2022;6081131.0;542.0;139452.0;18.0;0.64
COL;South America;Colombia;21/03/2022;6081639.0;508.0;139471.0;19.0;0.61
COL;South America;Colombia;22/03/2022;6081933.0;294.0;139489.0;18.0;0.57
COL;South America;Colombia;23/03/2022;6082226.0;293.0;139508.0;19.0;0.55
COL;South America;Colombia;24/03/2022;6082577.0;351.0;139531.0;23.0;0.56
COL;South America;Colombia;25/03/2022;6082943.0;366.0;139544.0;13.0;0.58
COL;South America;Colombia;26/03/2022;6083291.0;348.0;139558.0;14.0;0.61
COL;South America;Colombia;27/03/2022;6083643.0;352.0;139573.0;15.0;0.64
COL;South America;Colombia;28/03/2022;6083939.0;296.0;139585.0;12.0;0.66
COL;South America;Colombia;29/03/2022;6084240.0;301.0;139595.0;10.0;0.69
COL;South America;Colombia;30/03/2022;6084551.0;311.0;139595.0;0.0;0.72
COL;South America;Colombia;31/03/2022;6084916.0;365.0;139621.0;26.0;0.75
COL;South America;Colombia;1/04/2022;6085270.0;354.0;139636.0;15.0;0.77
COL;South America;Colombia;2/04/2022;6085618.0;348.0;139650.0;14.0;0.79
COL;South America;Colombia;3/04/2022;6085926.0;308.0;139660.0;10.0;0.8
COL;South America;Colombia;4/04/2022;6086233.0;307.0;139670.0;10.0;0.8
COL;South America;Colombia;5/04/2022;6086484.0;251.0;139678.0;8.0;0.81
COL;South America;Colombia;6/04/2022;6086811.0;327.0;139687.0;9.0;0.83
COL;South America;Colombia;7/04/2022;6087123.0;312.0;139693.0;6.0;0.84
COL;South America;Colombia;8/04/2022;6087443.0;320.0;139703.0;10.0;0.85
COL;South America;Colombia;9/04/2022;6087737.0;294.0;139713.0;10.0;0.86
COL;South America;Colombia;10/04/2022;6088034.0;297.0;139719.0;6.0;0.87
COL;South America;Colombia;11/04/2022;6088335.0;301.0;139725.0;6.0;0.87
COL;South America;Colombia;12/04/2022;6088619.0;284.0;139729.0;4.0;0.84
COL;South America;Colombia;13/04/2022;6088912.0;293.0;139734.0;5.0;0.81
COL;South America;Colombia;14/04/2022;6089176.0;264.0;139738.0;4.0;0.75
COL;South America;Colombia;15/04/2022;6089381.0;205.0;139741.0;3.0;0.69
COL;South America;Colombia;16/04/2022;6089540.0;159.0;139745.0;4.0;0.65
COL;South America;Colombia;17/04/2022;6089662.0;122.0;139749.0;4.0;0.63
COL;South America;Colombia;18/04/2022;6089791.0;129.0;139751.0;2.0;0.65
COL;South America;Colombia;19/04/2022;6089998.0;207.0;139754.0;3.0;0.69
COL;South America;Colombia;20/04/2022;6090246.0;248.0;139755.0;1.0;
COL;South America;Colombia;21/04/2022;6090520.0;274.0;139759.0;4.0;
